{
  "parquet": "0044.parquet",
  "total_rows": 10,
  "successful": 10,
  "failed": 0,
  "overall": {
    "mean_wer": 0.6333333333333334,
    "mean_cer": 0.6761181955299602,
    "min_wer": 0.2,
    "max_wer": 2.0
  },
  "per_reciter": {
    "alafasy": {
      "name": "Alafasy_64kbps",
      "samples": 10,
      "mean_wer": 0.6333333333333334,
      "mean_cer": 0.6761181955299602
    }
  }
}